Transaction_ID,Customer_Name,Email,Phone_Number,Transaction_Date,Amount,Status,Country
1,Shannon Pearson,nicholas27@yahoo.com,3879791011,12/5/2023,272.09,Complete,Bahamas
2,Brittany Williams,newmanlaura@hotmail.com,001-729-766-5717,16-06-2024,846.25,Complete,Oman
3,Joseph Hernandez,olee@jones.com,001-507-821-0659,16-06-2023,518.37,Pending,Saint Pierre and Miquelon
4,Angelica White,jessicajohnson@adams-taylor.net,+1-462-585-0041x50412,5/10/2023,93.55,Pending,Mauritius
5,Steven Snyder,ashley71@guzman.com,(306)260-8222,26-12-2023,923.93,Pending,Martinique
6,Paul Carroll,stephendixon@hotmail.com,(607)693-2164x2999,9/9/2024,934.11,Complete,San Marino
7,John Reed,nicholasbarker@hotmail.com,(661)840-3271x214,13-07-2024,331.04,Canceled,Chad
8,Michelle Williams,dharris@taylor-holt.org,001 677 422 1612x8784,,537.62,Complete,Comoros
9,Lisa Ray,kimberly84@gonzalez.com,(471)126-9615,11/7/2024,230.75,Canceled,Mongolia
10,Monica Brewer,charles23@hotmail.com,001-271-954-4336,24-11-2023,715.75,Complete,Isle of Man
11,Randy Smith,bobby10@frank.com,(312)549-4669x43767,29-03-2023,627.5,Complete,Qatar
12,David Sheppard,rtaylor@osborne.com,(715)633-4243x612,21-11-2023,366.52,Complete,Iran
13,Mark Moore,samanthaclarke@leonard.org,+1-875-136-7337x4111,18-10-2024,-18.2,Refunded,Congo
14,Isabella Thompson,douglas87@gmail.com,(422)531 8173,,81.51,Pending,Belgium
15,John Miller,lauren40@yahoo.com,953.416.2466,26-01-2025,373.21,Refunded,Ireland
16,Joshua Jackson,edgar76@hotmail.com,000.525.4409x343,12/8/2024,813.97,Refunded,Guinea-Bissau
17,Danny Coleman,marilynfreeman@yahoo.com,001-263-910-5121x9430,9/4/2023,37.43,Pending,Faroe Islands
18,Mr. Micheal Travis DDS,nguyendavid@harris.net,001-971-499-9796x66829,8/11/2023,774.08,Complete,Palestinian Territory
19,Aaron Flores,castrodawn@yahoo.com,6398000268,31-10-2024,920.69,Refunded,Papua New Guinea
20,Stephanie Lindsey,kgolden@hotmail.com,966.619.1391x9761,13-12-2023,255.37,Pending,Fiji
21,,nwilliams@hotmail.com,262-275-4694x6211,17-04-2023,499.43,Complete,Guernsey
22,Patricia Thompson,pholland@gmail.com,(542)755-7307x4659,7/11/2023,-34.31,Refunded,Afghanistan
23,Lisa Martinez,derek01@gmail.com,+1-935-663-0327x34007,,-58.32,Canceled,Luxembourg
24,Kevin Perez,jacob95@alexander.info,178-737-6385,26-07-2024,-73.54,Refunded,Cocos (Keeling) Islands
25,Michael Gordon Jr.,pattonjames@gmail.com,027-515-2584,18-11-2024,99.2,Pending,Myanmar
26,Brooke Johnson,otaylor@larson.org,509-957-3439x2970,18-09-2024,264.79,Complete,Niger
27,Patrick Adams,michealmeza@yahoo.com,243.140.9597x85790,13-02-2025,98.04,Complete,Japan
28,Madison Rowland,melinda78@ellis.com,001-168-967-8139x089,22-08-2024,572.16,Canceled,Cameroon
29,Patrick Davis,dunnnichole@yahoo.com,+1-190-597-3966x76417,,937.53,Pending,Tuvalu
30,Joshua Duncan,joshuabaker@conway-nolan.com,001-038-469-2318x8975,28-06-2023,661.91,Canceled,Bangladesh
31,Gregory Newman,mwilliams@hotmail.com,001-630-524-1738x1761,19-08-2024,553.42,Complete,Togo
32,Dr. Jamie Foster,ecarter@clark.com,681.968.6469x9104,7/9/2024,657.71,Canceled,Tuvalu
33,Diane Walker,charlesadams@gmail.com,084-416-8223,1/3/2024,306.61,Refunded,Greenland
34,Amber Alexander,christopherhickman@hotmail.com,(150)178-4917x76117,1/3/2025,168.09,Canceled,Afghanistan
35,Gerald Carlson,aperkins@yahoo.com,321.592.9852x8941,,663.37,Pending,Guinea
36,John Wilkinson,psanchez@yahoo.com,300.663.3695x05302,24-11-2023,-69.8,Refunded,Cambodia
37,Michael Pratt,amy47@hotmail.com,(686)820-9486,9/10/2024,295.17,Pending,Brunei Darussalam
38,Jared Patterson,tinalopez@hebert-hogan.com,001-004-700-7905x4301,7/8/2024,985.92,Pending,
39,Dr. Jason Mccormick,hsmith@hotmail.com,(439)567-5068x696,23-07-2023,905.31,Refunded,Colombia
40,Gabriel Smith,creese@hotmail.com,+1-580-523-5675x26935,31-12-2024,374.02,Canceled,Pakistan
41,Justin Snyder,rileyjamie@hotmail.com,001-829-769-7939,21-10-2023,796.76,Canceled,Malaysia
42,Nancy Lopez,garciajeff@yahoo.com,365.612.6943,9/8/2023,62.95,Refunded,Gibraltar
43,Julie Leach,maywilliam@gmail.com,526.387.9821x0362,25-05-2023,129.95,Canceled,Reunion
44,Michael Carroll,linda12@thomas.org,+1-087-696-7110x1798,14-10-2023,726.09,Pending,Hungary
45,Tiffany Hansen,patriciayoung@gmail.com,883.620.1671,17-11-2023,387.59,Pending,Jamaica
46,Kimberly Beck,davidruiz@gmail.com,527.931.9638,1/12/2023,695.6,Refunded,Malawi
47,Nichole Watson,rwalker@sherman-jones.com,001-197-981-3028x43060,25-09-2023,554.69,Canceled,Kenya
48,Carol Jordan,vsantana@hotmail.com,072.890.7495x694,8/2/2025,274.36,Canceled,Faroe Islands
49,Kelly Morton MD,christinathomas@price.com,449-260-2093,14-09-2023,281.22,Canceled,Yemen
50,Anna Estrada,james31@gmail.com,489.072.8290x8824,12/1/2025,492.28,Pending,Denmark
51,Emily Hamilton,laurastewart@rodriguez.net,001-617-760-5662,11/10/2024,468.43,Complete,Oman
52,Jacqueline Everett,ferrellmichael@yahoo.com,922.432.3388,,,Refunded,Egypt
53,,taylorbarker@gmail.com,2063250164,14-05-2023,55.45,Complete,Saint Vincent and the Grenadines
54,Mallory Hodges,thomasayers@gmail.com,5192577598,16-02-2024,191,Refunded,Argentina
55,Kelly Porter,ryan93@gmail.com,288.127.0880x202,19-04-2024,859.35,Refunded,Saint Vincent and the Grenadines
56,Micheal Ramsey,butleranthony@rubio.net,001-097-362-7873x5914,30-05-2024,290.87,Complete,Cambodia
57,Kristy Melendez,greenjamie@farmer.org,193.640.5362,19-05-2023,712.06,Pending,Fiji
58,Christina Lee,kpope@gmail.com,+1-775-118-0384x485,21-07-2023,-99.26,Canceled,Guinea
59,Kathleen Parker,kyle03#yahoo.com,204.800.0633,6/1/2024,712.17,Pending,Saint Vincent and the Grenadines
60,Troy Wise,deaton@hotmail.com,396-842-4958x8515,24-03-2024,732.65,Pending,Chad
61,Chelsea Rubio,stephen26@gmail.com,627.715.7386x84806,23-06-2024,750.71,Complete,Martinique
62,Danielle Beasley,leeeric@smith-bridges.net,(057)241-6953x919,18-02-2025,681.41,Pending,Antarctica (the territory South of 60 deg S)
63,Shawn Wilson,ccervantes@mccullough-king.com,680 906 3521x01112,10/2/2024,612.88,Pending,Swaziland
64,Megan West,jfranklin@hodges.com,172-686-9091,28-12-2024,755.48,Complete,Norfolk Island
65,Kevin Jones,wpierce@lewis.biz,247.064.2862x4977,13-08-2024,662.73,Pending,Christmas Island
66,,henryperez@brown.com,689-973-3496,30-04-2023,476.11,Pending,Liberia
67,Alexander Barrera,brian64@lynch-hernandez.net,292.850.4796x26701,14-07-2024,533.99,Canceled,Portugal
68,Dawn Castillo,dburnett@yahoo.com,3737524026,25-04-2023,508.61,Refunded,Papua New Guinea
69,Kim Valdez,dwalters@boone-rodriguez.biz,041.348.5002,,712.76,Refunded,Kyrgyz Republic
70,Megan Harris,darlenesmith@hotmail.com,(827)894-5817x438,13-01-2025,172.49,Pending,American Samoa
71,Jill Rice,rhodesrebecca@yahoo.com,686.457.6655x9522,20-05-2023,340.49,Complete,Equatorial Guinea
72,,meaganharris@wallace.net,7628094491,17-06-2024,306.91,Pending,Latvia
73,Rachel Hays,halljames@gmail.com,462.134.9202x1347,20-07-2024,164.52,Complete,Bahamas
74,Charles Green,kathrynanderson@hotmail.com,4768367218,6/12/2024,358.76,Refunded,Liechtenstein
75,Leslie Perkins,elizabeth19@gmail.com,001-655-385-8012x6617,17-04-2024,201.01,Complete,Qatar
76,Felicia Parsons,bergerlisa@wright.com,+1-228-587-6640x5651,25-09-2023,896.23,Complete,Serbia
77,Gregory Hardy,shawnsanders@walsh-wallace.com,441.736.2535,15-11-2024,313.76,Complete,Togo
78,,fieldschristopher@mills.com,717-132-1052x352,5/6/2024,254.91,Complete,Palestinian Territory
79,Christine Sanchez,stephanie53@yahoo.com,769-001-5537x95652,1/2/2024,502.25,Complete,Saudi Arabia
80,Juan Henry,gregorymckay@smith.com,(531)706-3864,31-10-2023,766.49,Complete,Saint Barthelemy
81,Donald Mueller DDS,parkeralyssa@yahoo.com,(941)354-9176,6/4/2023,137.59,Refunded,New Zealand
82,Michael Jones,elizabeth43@yahoo.com,995-407-9284x42131,25-09-2024,300.92,Refunded,Norfolk Island
83,Ryan Riley,rodriguezmaurice@gmail.com,(731)014-4459x10848,25-10-2024,989.44,Refunded,Somalia
84,Michael Cline,jamiereyes@hotmail.com,834-389-8846,18-06-2023,167.82,Canceled,Ireland
85,Maria Hunt,lestermary@hotmail.com,546-109-3815x7069,4/11/2023,847.4,Refunded,Panama
86,Tiffany Cooper,benjamin80@hotmail.com,776-030-4724x53673,18-01-2025,304,Complete,Bulgaria
87,Angela Howard,xandersen@hotmail.com,(893)580-8173,26-03-2023,969.54,Complete,Grenada
88,Laura Williams,diazmaria@gmail.com,023-752-6228,,36.55,Canceled,Niue
89,Paul Davis,rachel17@thompson.com,(935)547-1146x93230,22-03-2025,,Refunded,Saint Lucia
90,Rick Harris,barronalicia@taylor.info,654.396.6167,13-03-2024,89.98,Complete,Cyprus
91,Sheila Smith,tammyschmitt@watkins.info,550-561-8831x7384,16-03-2024,294.77,Canceled,Comoros
92,Catherine Ingram,daltonjessica@phelps.com,694.039.8314x409,28-11-2024,858.25,Pending,Lao People's Democratic Republic
93,Rodney Smith,gstewart@gmail.com,937.273.4360x375,9/10/2024,976.91,Refunded,Vietnam
94,Rachel Davis,oconnorjeffrey@yahoo.com,2287576435,12/1/2024,660.7,Canceled,Guatemala
95,Monica Torres,christineaustin@hotmail.com,001-266-112-7850x422,14-04-2023,912.81,Canceled,Uzbekistan
96,James Hudson,omoore@hotmail.com,323-942-7680,2/4/2023,252.25,Complete,El Salvador
97,Theodore Davila,michellecrawford@davis.com,(695)807-1343x1568,27-09-2023,434.8,Complete,Slovakia (Slovak Republic)
98,Julie Simmons,gdaniels@hotmail.com,+1-954-451-3329x9552,,88.3,Refunded,Singapore
99,Donna Cruz,moralesjason@gmail.com,896.157.5285x712,19-08-2024,876.2,Pending,Switzerland
100,Donald Brooks,laura21@munoz-zavala.com,025-276-6147x409,4/11/2024,600.42,Pending,Guernsey
101,Donna Ball,ycole@hotmail.com,192.797.0984x625,30-06-2023,232.03,Complete,China
102,Hunter Smith,grahampatricia@yahoo.com,(220)914-5684,10/11/2024,-66.21,Complete,Turks and Caicos Islands
103,Kathleen Smith,mark77@hotmail.com,(382)578-1939x593,18-09-2023,583.62,Complete,Nigeria
104,Larry Hernandez,keithmiles@cohen.info,(917)425-0412,14-01-2024,169.03,Canceled,Estonia
105,James Giles,jonathan98@ross.com,+1 275 533 4108x560,27-08-2024,152.25,Refunded,Ecuador
106,Sarah Williams,nicolemoore@cruz.com,001-154-440-4991x218,18-03-2025,331.31,Canceled,British Indian Ocean Territory (Chagos Archipelago)
107,Antonio Manning,lle@harris-morris.net,001-481-599-8968x1824,22-03-2025,757.48,Refunded,Bulgaria
108,Jenna Patterson,michael51@hotmail.com,(019)833-4370x2680,6/5/2024,692.65,Canceled,El Salvador
109,Morgan Campbell,yvonneharvey@gmail.com,659-194-0524,16-07-2023,,Canceled,Sao Tome and Principe
110,David Bowen,ecarter@baldwin.info,037.819.8199x8198,21-01-2024,304.33,Pending,Marshall Islands
111,Benjamin Hall,jasmine13@mcclure.org,104.637.3630x9550,31-08-2023,856.57,Pending,Burkina Faso
112,Kyle Castillo,carolmoore@gmail.com,-6524,24-03-2023,3.75,Pending,Gibraltar
113,Jamie Williams,chiggins@reed-thomas.com,-2510,28-03-2023,673.88,Canceled,Burkina Faso
114,James Curtis,robertramirez@yahoo.com,659.342.3717x4462,9/2/2025,173.98,Pending,Turkey
115,,patrickvaldez@yahoo.com,145.851.8811x4349,24-04-2023,274.66,Refunded,Chile
116,Natalie Shepherd,normastrong@sims.com,102.833.0513x4784,13-11-2024,296.15,Canceled,Portugal
117,Christopher Armstrong,jcharles@gmail.com,(465)929-2868x09371,15-10-2024,640.99,Refunded,Barbados
118,Douglas Drake,uroberts@dixon.com,4261204889,2/3/2024,704.15,Refunded,Albania
119,Daniel Henderson,tuckertoni@campbell.com,001 772 086 3260x35912,4/12/2023,850.88,Complete,Turkmenistan
120,Walter Gomez,chadobrien#hotmail.com,801-336-4663x278,7/1/2025,972.06,Pending,Hungary
121,Ricardo Harrison,mharris@rose.com,-9838,12/12/2024,905.17,Canceled,Rwanda
122,Matthew Chavez,perkinsjennifer@yahoo.com,686-158-0781x632,3/10/2024,642.36,Complete,Austria
123,Carl Cooper Jr.,xhall@murphy.org,947-238-3580x87481,4/1/2025,-22.28,Complete,Syrian Arab Republic
124,Brandon Brown,fieldsjoseph@yahoo.com,991.367.4348x99855,2/10/2024,301.41,Canceled,Western Sahara
125,Judy Acosta,gsanchez@gmail.com,134-935-8214x516,29-10-2024,,Canceled,Norway
126,Kristi Brown,pittmanethan@duncan.com,(633)894-7873,17-02-2025,27.11,Pending,Panama
127,,dkeller#yahoo.com,2072829373,9/8/2024,-57.97,Refunded,Uzbekistan
128,Anthony Wright,fullermackenzie#fisher.biz,+1-976-404-7038x4567,16-03-2024,808.5,Canceled,Denmark
129,Vanessa Robbins,scottsilva@yahoo.com,-9510,26-09-2023,-51.48,Canceled,Lesotho
130,Jessica Stewart MD,gavinclements@yahoo.com,693-118-4992x58911,9/2/2025,-12.66,Canceled,United States of America
131,Nathan Mclean,thomas05@gmail.com,2524037496,20-01-2024,270.99,Pending,Germany
132,William Villanueva,veronicalandry#sanders.com,+1-674-922-0545x840,20-10-2023,90.32,Refunded,Montenegro
133,Joseph Smith,colemanjennifer@hotmail.com,(853)252-4788x85106,22-11-2023,-7.18,Refunded,Kiribati
134,Natasha Dunn,jpatrick@hotmail.com,366.866.4186x351,11/11/2024,18.61,Pending,Pitcairn Islands
135,Jennifer Shaw,kellymadden@gmail.com,+1-986-645-9745x361,4/1/2025,846.02,Refunded,Dominican Republic
136,Stephanie King,dhatfield@hotmail.com,001-253-619-9490x65430,8/11/2023,959.26,Canceled,Bhutan
137,Andre Hunter,williamshelen@russell.com,8776580425,22-08-2024,4.38,Canceled,Antigua and Barbuda
138,Michelle Maddox,oscarhoward@cline-bishop.org,606-589-0879x0339,16-01-2025,859.09,Pending,France
139,Mr. Herbert Bond,douglaslewis@yahoo.com,499-443-4356x33386,20-04-2024,564.32,Pending,Samoa
140,Sean Bailey,smithjack@gmail.com,185.933.7994x665,12/11/2023,541.14,Canceled,British Indian Ocean Territory (Chagos Archipelago)
141,Maria Rogers,ewilliams@hester.com,-7070,27-09-2024,163.57,Pending,
142,,jeffersonjose@jimenez.com,777.698.3227,23-12-2023,990.9,Canceled,Trinidad and Tobago
143,Leslie White,maryprice@yahoo.com,689.840.5332x224,19-03-2025,368.17,Complete,Portugal
144,Samuel Holden,valerie25@wang.com,(132)838-4148x9822,18-02-2025,832.24,Canceled,Singapore
145,Ashley Gonzalez,lshea@hotmail.com,564-026-6023,22-08-2023,623.17,Complete,Lesotho
146,Paul Thornton,ocallahan@hotmail.com,(686)992-7148x3747,8/6/2023,553.27,Refunded,Cuba
147,Robin Fuller,james27@hawkins.net,(198)347-7940,17-05-2023,59.86,Pending,Antarctica (the territory South of 60 deg S)
148,Stephen Mooney,smithamanda@yahoo.com,-5738,18-07-2023,661.5,Refunded,Azerbaijan
149,Vanessa Soto,cblevins@reed-meyers.com,-7103,14-06-2023,389.77,Pending,Turks and Caicos Islands
150,,averykristine@rivera.net,001 911 739 6060x30656,,201.29,Pending,Bangladesh
151,Frederick Hernandez,pwood@gmail.com,(478)640-6722x8277,4/4/2023,785.72,Pending,Mali
152,Jessica Adams,david09@hotmail.com,128-079-9722,12/3/2025,838.32,Pending,Morocco
153,,qmoore@yahoo.com,(290)545-9522x6626,16-01-2025,445.4,Pending,Mali
154,Kelly White,vhernandez@russell-scott.com,001-807-702-8948x485,18-01-2024,215.03,Complete,Maldives
155,Miss Tammy Maldonado MD,jerryblair@hotmail.com,868.968.3931,12/1/2024,236.61,Refunded,Switzerland
156,Nicole Escobar,fsmith@hotmail.com,+1-232-957-6132x774,11/5/2023,302.86,Complete,Palau
157,Mr. Keith Cole DDS,amywoodard@young.com,001-854-966-6568x43865,16-04-2024,938.65,Complete,United States Minor Outlying Islands
158,Brandon Carney,lee84@yahoo.com,+1-304-452-6949x752,27-07-2023,580.19,Canceled,Japan
159,Dillon Jordan,william32@gmail.com,001-693-905-3429x150,29-11-2024,49.74,Complete,Tajikistan
160,Miguel Carlson,pwright@hotmail.com,3552671810,8/9/2024,162.38,Refunded,Northern Mariana Islands
161,Curtis Dunn,debbiesanchez@hotmail.com,001-983-173-0023x550,31-01-2024,375.04,Pending,Indonesia
162,Cynthia Macias,corey81@oneal-hartman.com,737-606-9347x330,27-11-2024,857.66,Refunded,Trinidad and Tobago
163,Sarah Johnson,caldwellmiguel@gmail.com,(710)040-9539,7/6/2023,988.01,Complete,Cook Islands
164,Karina Harvey,zfisher@hotmail.com,505.051.3487x68123,21-11-2023,264.24,Pending,Haiti
165,Benjamin Bradley,christophersmith@gmail.com,771.634.9161,27-11-2023,282.21,Complete,
166,James Green,leefuller@hotmail.com,667-615-2139x18219,16-07-2024,507.07,Refunded,Burundi
167,Jason Hernandez,gomezangela@gmail.com,(519)792-7583x27718,25-12-2023,667.86,Pending,Czech Republic
168,James Jackson,xblackburn@cruz.com,-8846,7/3/2024,910.73,Complete,Barbados
169,James Cross,lperry@sellers.com,083.081.1455x918,28-02-2024,277.41,Canceled,Thailand
170,Angel Harris,cynthia50@yahoo.com,513-370-5257x14159,29-10-2023,65.26,Canceled,Netherlands
171,Katherine Casey,charles14@gmail.com,833-325-3919,2/12/2024,153.94,Refunded,Algeria
172,Tim Mcpherson,christineconley@yahoo.com,+1-357-780-4040x161,18-01-2025,864.52,Refunded,Zimbabwe
173,George Berger,reneemartinez@smith-kennedy.info,001-947-186-2934x513,1/4/2023,458.5,Pending,Tokelau
174,Laura Garrett,davidyoung@hotmail.com,001-826-225-1475x95266,27-01-2025,91.53,Complete,Georgia
175,Austin Marshall,qmorris@ray-vazquez.com,001-214-615-3524x5909,15-10-2023,-60.78,Complete,Mexico
176,Timothy Rivera,justin31@yahoo.com,728-313-3687x05701,16-08-2023,848.84,Complete,Syrian Arab Republic
177,Brandon Martinez,fweeks@guerra.com,(513)590-3401x2378,9/10/2023,40.36,Refunded,Cambodia
178,Jordan Bailey,jeffreybyrd@yahoo.com,001-734-407-9760x05629,,430.81,Canceled,Bosnia and Herzegovina
179,Eric Green,jessicamontoya@yahoo.com,(490)187-9225x75658,11/1/2025,333.43,Complete,Ireland
180,Kimberly Erickson,jeff04@gmail.com,508.817.6108x6075,21-11-2023,493.51,Complete,Iran
181,Andrea Cummings,pstevens@yahoo.com,001-484-270-6649x8948,17-08-2023,191.92,Refunded,Georgia
182,Leroy Fuller,navarrovanessa@yahoo.com,+1-721-102-5161x19990,19-08-2023,106.03,Pending,Holy See (Vatican City State)
183,Courtney Gillespie,lisabarnes@carey.com,(112)706-2752,,337.09,Refunded,Slovakia (Slovak Republic)
184,Jessica Rodriguez,richardphillips@robinson.info,337.815.2978x2220,19-03-2025,533.23,Canceled,Svalbard & Jan Mayen Islands
185,Alexandra Barnett,bjones@hotmail.com,(547)521-9979,,597.92,Pending,Zambia
186,Ann Woods,xwalker@gmail.com,(529)501-5591x7516,12/9/2023,452.69,Canceled,Ireland
187,Jacob Carter,ewhitney@hotmail.com,001-981-267-4759x1509,5/2/2024,-53.8,Pending,Jersey
188,Daniel Rodriguez,esparzamary@brown.com,001-348-407-3907x238,24-04-2024,455.03,Canceled,Netherlands Antilles
189,Alec Marsh,wcastaneda@yahoo.com,020-212-1211,30-09-2024,899,Refunded,Bangladesh
190,Michelle Mcknight,grodriguez@yahoo.com,-4325,5/6/2024,751.71,Pending,Kuwait
191,Sierra Liu,aguilaramy@jackson-morris.info,255.087.4763,10/10/2024,884.9,Canceled,Georgia
192,Aaron Anderson,xperkins@wang-morgan.com,886.595.3826,4/11/2024,420.19,Canceled,United Kingdom
193,Jaime Sanchez,darrenmcguire@gmail.com,001-288-842-6377x6461,27-12-2024,577.01,Complete,British Virgin Islands
194,Courtney Martin,carlabowman@booker-walton.com,551-979-7366,4/6/2024,710.29,Refunded,Liberia
195,Sara Davis,dillonjeremiah@moore-hale.com,(692)200-3079,28-10-2024,944.82,Complete,Hungary
196,Dr. Craig Boyd,mberger@yahoo.com,501.922.6882x18355,16-10-2024,-5.21,Complete,Papua New Guinea
197,Jessica Sanchez,lindseycassie@yahoo.com,681.738.4375x44429,11/12/2024,881.21,Refunded,Saint Barthelemy
198,Kristin Young,ashleerodriguez@gmail.com,001-562-314-2735x32291,24-01-2025,672.32,Canceled,San Marino
199,Gina Lewis,lauracasey@knight-schwartz.net,111.954.4895,4/4/2023,477.68,Refunded,Tanzania
200,Diana Kennedy,tracimullen@yahoo.com,001-844-829-4343,2/7/2024,301.74,Canceled,Sri Lanka
201,Maria Santos,evance@gmail.com,001-656-540-7754x491,6/4/2023,411.14,Complete,Mali
202,Amy Price,johnsontina@gomez.biz,(627)622-8845x006,8/7/2024,555.98,Complete,Saint Pierre and Miquelon
203,,joshua86@gmail.com,(755)693-0110,20-03-2025,,Complete,Saint Lucia
204,,bassjennifer@hotmail.com,549-089-2586x85234,29-03-2024,284.56,Canceled,Timor-Leste
205,,richardanderson@hotmail.com,(913)741-4437x971,7/7/2023,954.05,Complete,Maldives
206,Amanda Brooks,christopherwallace@francis-reeves.com,(043)568-8706x1103,8/7/2023,676.1,Complete,Turks and Caicos Islands
207,Kimberly Williams,jesusvalencia@blair-wilson.com,001-314-534-4461x315,29-03-2023,347.31,Canceled,Isle of Man
208,Larry Velazquez,sharper@callahan.biz,(056)784-8651x2409,17-09-2024,729.11,Refunded,Macedonia
209,Kenneth Hall,jessicalewis@gmail.com,+1-327-061-7574x057,,114.74,Pending,Hong Kong
210,Jessica Perry,charles02@mccormick.com,399.670.2897,22-07-2024,43.75,Complete,Nauru
211,Jennifer Odonnell,lmiles@pitts.info,-8270,3/12/2023,529.22,Canceled,Portugal
212,Peter Morris,mendezsara@hotmail.com,+1-496-616-1202x9757,9/10/2023,187.5,Pending,Lao People's Democratic Republic
213,Daniel Phillips,kpreston@richards.net,+1-128-287-0320x790,27-02-2025,377.9,Canceled,Croatia
214,Robert Rhodes,iwoods@hotmail.com,001-826-234-7774,23-04-2024,334.92,Canceled,Northern Mariana Islands
215,Robert Dean,jasonmiranda@higgins.org,166-247-0236,28-12-2024,544.74,Refunded,Ecuador
216,George Fernandez,bhaynes@young.com,224.967.6203,29-09-2023,169.75,Canceled,Qatar
217,,rhonda32@burton-campbell.com,432.446.0916x65369,27-08-2023,310.01,Pending,Panama
218,Robert Shaw,joseph21@yahoo.com,001-606-760-9617,14-08-2024,864.79,Pending,Finland
219,Amanda Reynolds,watsonhaley@lee-gilbert.net,487.222.8709x395,15-11-2023,824.51,Complete,Congo
220,Emily James,kellyandrew#norris-pierce.org,(673)013-6951x2938,14-01-2024,520.52,Pending,French Guiana
221,Eric Lambert,molly34@gmail.com,(632)711-5264x73219,24-05-2023,409.44,Complete,Korea
222,Craig Ibarra,juliagarcia@garcia.com,+1-617-765-6591x81397,,330.01,Pending,Grenada
223,Jonathan Montgomery,jfleming@smith.com,(660)059-1133x3656,28-04-2023,-44.47,Complete,Kuwait
224,Alexis Jackson,torresjake@gmail.com,+1-820-744-3157x6219,12/2/2024,485.7,Canceled,Jamaica
225,Mary Roberts,howellpamela@johnson-gonzalez.org,868.557.6440x99968,27-04-2024,598.04,Pending,Swaziland
226,Bryan Lozano,coxdanielle@vincent-lin.org,6916575632,15-12-2023,542.67,Canceled,Venezuela
227,Dr. Mary Francis DVM,hespinoza@wright.com,075.139.7025x553,19-10-2024,937.66,Canceled,Guyana
228,Lori Lang,jennifersmith@holt.com,+1-584-001-6420x3515,20-09-2024,737.36,Refunded,Mexico
229,Connie Smith,pmeyer@yahoo.com,454-782-5225x821,10/3/2025,-2.86,Refunded,Costa Rica
230,Alexandra Mosley,maria99@evans.com,001-294-946-1096x05897,1/6/2024,553.58,Complete,Mexico
231,Allison Hamilton,jennifer24@gmail.com,758.907.7496x4138,30-07-2024,537.24,Refunded,Montserrat
232,Molly Allen,yolandasteele@may-mcneil.biz,+1-360-520-2538x9177,17-09-2023,366.5,Refunded,Cayman Islands
233,Thomas Fisher,steven89@yahoo.com,8965245767,18-12-2023,67.15,Canceled,Nauru
234,Daniel Torres,karina22@hotmail.com,510.855.1115,6/12/2023,299.33,Canceled,Qatar
235,Candace Velasquez,elizabethhaynes@gmail.com,001-742-974-3416,18-04-2024,25.78,Pending,Dominica
236,Jill Bishop,allencarlos@hotmail.com,(566)887-1729x61186,25-03-2023,224,Refunded,Tuvalu
237,Lauren Stewart,melissalambert@price.com,(155)137-5685x886,5/10/2024,-49.87,Complete,Panama
238,Larry Kelley,robinsonjohn@gmail.com,065.786.6247,9/5/2023,629.06,Refunded,Namibia
239,Eric Flynn,jennifergreen@cox.info,001-017-942-2411x13180,18-12-2024,218.86,Complete,Saudi Arabia
240,Andre Jones,floressheri@yahoo.com,+1-428-112-5155x98176,1/12/2024,938.91,Complete,Japan
241,Kelsey Wallace,steeleelijah@stark-russell.com,+1-753-435-1966x1789,,212.69,Pending,Ethiopia
242,Brittany Thomas,phyllis88@yahoo.com,0101512480,19-10-2023,754.22,Complete,Cyprus
243,Daniel Robinson,annaphelps@gmail.com,551.638.8523,15-06-2023,569.35,Canceled,Gambia
244,Catherine Kim,john04@cannon.net,729-691-3422x23308,20-09-2023,-65.55,Pending,Faroe Islands
245,David Yoder,ccooper@barrera.info,854.280.5198x6634,,709.19,Pending,Czech Republic
246,Kristen Ryan,fpark@yahoo.com,501-261-4432,30-05-2023,28.46,Complete,Afghanistan
247,Tony Nguyen,john76@rodriguez-weber.biz,-3427,4/9/2024,441.04,Canceled,Russian Federation
248,,beckerkatie@dillon.com,+1-912-291-4838x7369,28-03-2024,698.88,Pending,Slovenia
249,Erica Kennedy,karen52@hotmail.com,+1-532-318-4961x1045,27-04-2023,496.99,Complete,Martinique
250,Nicole Christian,brookemckinney@hotmail.com,001-293-663-9582x9818,20-05-2024,827.26,Canceled,Pitcairn Islands
251,Timothy Chavez,lthornton@gmail.com,113-997-3768x969,23-08-2023,252.86,Refunded,Palau
252,Leonard Powell,mariefrost@yahoo.com,042.854.3014x03901,14-01-2025,115.72,Pending,Mauritius
253,Nancy Patton,codyanderson@hotmail.com,368-146-6276x6335,28-10-2024,373.34,Canceled,Guadeloupe
254,Ricardo Noble,julie89@gmail.com,066-850-8019x00854,26-10-2023,143.47,Complete,Portugal
255,,qlozano@rasmussen.com,(190)911-1442x720,22-03-2025,455.85,Canceled,Niger
256,Matthew Fuller,rallen@yahoo.com,+1-661-464-5799x300,9/4/2024,130.83,Complete,
257,Cheryl Bowman,ayerszachary@gutierrez.com,-9095,23-01-2025,-0.7,Complete,Qatar
258,Ashley Morgan,chloefreeman@yahoo.com,(199)100-2444,27-12-2023,266.8,Complete,Swaziland
259,Nicole Griffin,wrightwendy@gmail.com,(342)722-0928x006,6/10/2023,339.49,Canceled,Somalia
260,Todd Jimenez,dglass@yahoo.com,903.092.4086,22-02-2024,-23.36,Complete,Brunei Darussalam
261,Amy Santana,flemingkelly@gmail.com,(066)403-9965x3583,16-05-2023,-9.28,Complete,Guadeloupe
262,Anna Bailey,nathan83@yahoo.com,878-362-2627x5419,21-12-2023,-50.7,Refunded,Benin
263,Gregory Kelly,fjames@roy.org,001-113-146-6449x10526,8/10/2024,675.54,Pending,South Africa
264,Andrew Frank,micheal77@yahoo.com,001-477-596-3232x247,9/8/2023,32.3,Complete,Saudi Arabia
265,Michael Lozano,amack@johnson.net,976.808.9980,3/11/2023,61.19,Refunded,Oman
266,Eric Thompson,kristen57@fowler.com,866-137-9104,14-04-2023,904.24,Refunded,Singapore
267,Jonathan Green,anadillon@farrell.biz,(016)089-1245,19-02-2024,386.42,Pending,Ukraine
268,Dean Wheeler,kimberlymorales@yahoo.com,(294)105-4039x40089,21-10-2023,930.98,Complete,Estonia
269,Taylor Park,allenbobby@romero-johnson.net,348.860.7296x54710,30-03-2024,903.15,Canceled,Andorra
270,Jason Warren MD,jennifergriffin@evans-bruce.com,+1-064-813-2033x32857,23-01-2024,843.83,Pending,Syrian Arab Republic
271,Nicole Kelly,ostone@hotmail.com,+1-431-097-0528x9504,5/2/2024,156.02,Complete,Pitcairn Islands
272,Marie Carter,kristophernelson@gmail.com,480.805.2173x493,15-02-2025,113.51,Complete,Latvia
273,Annette Webster,theresagay@freeman-griffin.info,096-960-8533x4627,3/8/2024,808.84,Pending,San Marino
274,Nichole Griffin,allenjennifer@acevedo-wilcox.com,+1-095-361-8861x967,28-12-2024,878.08,Complete,Gibraltar
275,Frank Nelson,doyleevelyn@newton-burch.com,792.991.6372x0550,26-06-2023,74.24,Pending,Morocco
276,Hailey Davis,gregory58@brown-dalton.biz,+1 651 830 4860x99224,16-01-2024,70.17,Refunded,French Southern Territories
277,Adam Montoya,matthew46@yahoo.com,312-475-2252x846,20-01-2025,-67.62,Refunded,Fiji
278,Lisa Robles,craig45@dunn.info,(965)664-5598,18-03-2024,,Canceled,
279,Jeffrey Ramirez,jenniferalvarez@gmail.com,+1-509-474-6301x1674,23-02-2025,426.42,Canceled,Bahamas
280,Cassandra Daniels,goodwinsonya@richmond-murphy.com,766.893.9833,20-04-2023,,Complete,Burkina Faso
281,Christina Robinson,rogersstephen@yahoo.com,992.304.9951x8567,21-05-2023,757.09,Refunded,Nigeria
282,Kristen Weaver,smithjohn@shields.com,4581681387,3/4/2024,969.71,Complete,Georgia
283,Christina Lyons,longtimothy@villegas-bryant.com,181.386.2618x626,,68.62,Canceled,
284,Daniel Hall,clarkpaul@gmail.com,9429115636,,-57.16,Pending,Costa Rica
285,Monica Smith,jordanadrian@yahoo.com,(694)588-8887x424,15-04-2023,464.87,Pending,Peru
286,Laura Thompson,savila@scott.com,(607)165-4605x43160,31-01-2024,531.93,Refunded,
287,Douglas Ford,lopezclaire@hotmail.com,-4926,29-01-2025,709.45,Canceled,Macedonia
288,Glenn Smith,atkinsjames@obrien.com,+1-047-006-1966x58480,16-04-2023,551.95,Refunded,Saudi Arabia
289,Michele Arnold,vking@yahoo.com,817.372.1602,17-07-2024,574.17,Complete,Estonia
290,Joann Weiss,michaelreynolds@hotmail.com,-7900,14-09-2024,91.27,Refunded,Malawi
291,Samantha Sawyer,steven49@tran.com,593-283-2874,22-06-2024,752.28,Refunded,Portugal
292,Jesse Stein,danieljenkins@mueller.com,(838)258-3332x5822,6/3/2024,725.91,Pending,Gambia
293,Diane Turner,uboyer@gmail.com,602-869-1016,2/6/2024,789.18,Complete,Bermuda
294,Tracey Lewis,samuel47@hotmail.com,(579)704-0797x2897,28-02-2024,547.79,Canceled,Palestinian Territory
295,Veronica Thomas,lori74@rosario.biz,(338)211-1414,17-03-2025,213.59,Pending,Malaysia
296,Mark Lopez,curtisturner@cole.com,251.223.7225x18038,23-02-2025,-43.01,Complete,Norway
297,Troy Camacho,garzasusan@evans-garcia.com,001-964-460-5094x215,24-03-2023,928.22,Pending,Afghanistan
298,Cheryl Maxwell,clarkemichael@shaw.com,342-698-8414,7/7/2023,322.23,Canceled,Comoros
299,Jason Brown,gabriel92@smith.org,460.130.2876x31040,26-09-2023,859.13,Complete,Burkina Faso
300,,portercourtney@yahoo.com,690.681.7327,,602.3,Complete,Tajikistan
301,Katie Williams,parkscameron@gmail.com,+1-999-614-8246x5864,11/9/2023,673.56,Pending,Turkey
302,Timothy Ellis,aprilyoung@hotmail.com,+1-944-134-1192x6436,29-01-2025,818.54,Complete,Niue
303,Justin Pruitt DVM,christianmay@deleon.com,461.708.5284x506,26-03-2024,38,Canceled,Slovakia (Slovak Republic)
304,Brianna Oneill,abigail79@gmail.com,779-428-5007x263,18-12-2023,394.37,Canceled,Liechtenstein
305,,bakerdenise@walter-welch.com,036-233-6802x9682,9/12/2024,391.93,Complete,Pitcairn Islands
306,Tyler Benson,dkim@nguyen.biz,751.773.6576x217,25-04-2023,102.33,Complete,
307,Brandy Garcia,daniel18@hotmail.com,2283431607,28-02-2024,931.7,Canceled,Swaziland
308,William Collins,nbruce@rasmussen.com,544-956-0781x0393,1/5/2024,353.67,Complete,Chile
309,James Conner,katiemartin@pena.com,992-209-1255,3/6/2024,450.49,Pending,Burkina Faso
310,Christine Chan,wilsonstephen@gmail.com,+1-471-915-8320x60353,4/2/2025,566.99,Canceled,Russian Federation
311,Lauren Parsons,bennettchad@winters.com,+1-793-611-1109x8074,25-12-2023,,Complete,Cuba
312,Roger Austin,aaron16@schmidt-castillo.com,(556)708-8704,7/7/2024,66.96,Pending,Jordan
313,Kenneth George,christopherdavis@hotmail.com,+1-939-884-5854x8512,28-07-2024,70.98,Canceled,Qatar
314,Felicia Warner,wilsonolivia@gmail.com,572.751.0275x60188,11/9/2023,383.79,Complete,Romania
315,Ann Mullins,lisajohnson@gmail.com,049.210.4542x1923,29-04-2023,-28.69,Complete,Spain
316,,normananthony@pena.com,710.554.6940,3/11/2024,-16.88,Complete,
317,Renee Goodman,jensendaryl@johnson.biz,680-848-7687,21-03-2025,432.23,Complete,Belarus
318,Frank Owen,stephanieallen@delgado-barron.com,(591)374-4627x97628,28-05-2023,789.29,Complete,American Samoa
319,Megan Ramirez,tonyaelliott@yahoo.com,706.905.3388,2/2/2024,632.53,Canceled,Saint Lucia
320,Angela Wade,hensonvictor@nelson-ramirez.com,039-645-5423,28-10-2023,-29.73,Refunded,
321,Logan Moody,amybrooks@barber-mercado.biz,001-322-063-1829,13-09-2023,567.8,Pending,Palau
322,Melinda Allen,janetmartinez@hotmail.com,+1-933-370-9427x58823,17-11-2024,168.52,Refunded,Belize
323,,michael51@morris-garcia.com,633.969.5293x4148,,990.12,Pending,Monaco
324,Jordan Long,theodorebanks@gmail.com,001-419-917-3583,7/5/2023,671,Complete,French Guiana
325,Nicholas Tapia,melanie48@hotmail.com,326-382-0354,4/11/2024,11.37,Canceled,Vietnam
326,Kristina Williams,josethompson@yahoo.com,0692575549,26-11-2024,385.75,Pending,Korea
327,Dawn Price,heather52@paul.com,(271)837-8853,,267.84,Pending,Tokelau
328,Holly Roth,grayjames@hernandez.org,+1-355-316-4946x75528,21-05-2024,435.05,Canceled,Korea
329,Emily Rivera,icollins@hotmail.com,+1-415-586-8793x2144,15-06-2024,301.31,Refunded,Botswana
330,Michael Yang,lyoung@mosley.org,(092)208-1747x4933,13-10-2023,228.34,Canceled,
331,Michael Hampton,kmason@reynolds-davidson.com,273 788 8065x027,2/12/2023,-4.92,Complete,Uzbekistan
332,Jamie Thompson,jennifer30@james-edwards.org,691-316-3818x9184,9/7/2024,259.32,Refunded,Malaysia
333,Jennifer Smith,reynoldsmary@gibson.info,001-379-669-6265,13-06-2023,401.7,Complete,Belarus
334,Deborah Young,kingroy@wallace-mendez.com,001-624-311-7006x47311,2/2/2024,375.42,Pending,Samoa
335,Gina Murphy,kevin74@watts-romero.net,200.019.3918x519,14-08-2023,769.91,Pending,San Marino
336,James Roberts,belindajuarez@cardenas.info,001 913 192 4252,14-11-2023,986.65,Pending,Pitcairn Islands
337,Ryan Harrington,barmstrong@hotmail.com,(765)931-1869,27-08-2024,125.95,Canceled,Denmark
338,Curtis Sanders,hrobbins@hotmail.com,+1-290-529-8175x057,21-01-2025,721.85,Pending,Morocco
339,Gregory Brooks,owilson@jones.com,299-437-0656x89311,22-04-2024,70.63,Pending,Micronesia
340,Rhonda Brown,valerie89@hotmail.com,813.858.3319,11/1/2024,514.28,Complete,Cote d'Ivoire
341,Amy Stanley,nicolelowe@hotmail.com,5004330105,15-08-2024,757.67,Complete,Iraq
342,Kristin Hogan,troy37@hotmail.com,085-385-9813x7992,20-05-2024,54.77,Refunded,Japan
343,Rachael Fowler,hornejonathan@yahoo.com,449 102 9900x2811,7/8/2024,309.07,Canceled,Colombia
344,Ernest Rodriguez,scott81@davis-johnson.com,001-891-615-5823x50442,17-02-2024,24.66,Complete,Sudan
345,James Perry,hhamilton@lewis.net,-4119,4/9/2024,728.83,Complete,Palau
346,Tina Rubio,lchavez@simpson-allen.org,448.029.5176x153,2/11/2023,159.36,Pending,
347,Jeffrey Phillips,qbrooks@gmail.com,559-974-8680x0956,,3.78,Complete,Iceland
348,Chase Alvarez,cassandrahanson@yahoo.com,+1-079-622-4681x5421,28-02-2024,793.49,Refunded,Morocco
349,Michael Carpenter,jmartin@bartlett.net,337-962-6694,7/9/2023,875.67,Complete,Namibia
350,Lindsey Watson,morgan62@gibson.com,6685200772,16-01-2024,653.65,Complete,Singapore
351,Justin Holmes,natalie17@nelson.net,560-841-7944,12/10/2023,189.91,Canceled,Libyan Arab Jamahiriya
352,James Rivera,jesus35@hotmail.com,+1-570-447-4906x7213,6/11/2023,261.28,Pending,Cook Islands
353,Steven Ochoa,kristen17@stephens.info,-6882,23-10-2024,668.9,Pending,Cambodia
354,Patrick Dyer,manuelclark@maldonado.com,001-122-466-3929x97454,2/6/2023,224.16,Pending,Israel
355,,dfrey@grimes.com,+1 955 356 0369x16719,4/2/2024,98.43,Complete,Tuvalu
356,Richard Rogers,aguilarkatherine@yahoo.com,5248477175,25-01-2024,778.76,Canceled,Brunei Darussalam
357,Megan Powers,molinadaniel@gmail.com,8941694223,,958.24,Refunded,Namibia
358,Todd Vasquez,brentodom@hotmail.com,001-906-878-7028x7866,5/12/2024,110.37,Complete,Mexico
359,Kenneth Rodriguez,jamesmcgee@daniel.info,(833)571-2961x091,13-03-2025,466.05,Pending,Cape Verde
360,Walter Moore,reginalong@gmail.com,(231)510-6684x8532,8/7/2024,863.47,Complete,Malawi
361,Miranda Hayes,qhernandez@gmail.com,637.928.0395,30-10-2023,234.95,Canceled,Saint Helena
362,Frank Levine,chunter@pittman.org,001-872-963-0288x7911,,43.21,Pending,Western Sahara
363,Robert Haynes,sarah29@gmail.com,3669251664,11/7/2024,666.67,Complete,Eritrea
364,Jason Golden,laurendawson@gmail.com,-5178,28-10-2024,874.22,Complete,Norway
365,Brandon Hernandez,rdunn@gmail.com,001-590-665-5252x58941,28-08-2023,519.02,Pending,Iraq
366,Dylan Miller,david83@yahoo.com,174.968.2723x4007,18-09-2023,682.19,Complete,Switzerland
367,Katherine Cox,igibson@hill-gonzalez.com,618-446-8461,6/8/2024,412.35,Complete,Palau
368,Beth Melton,william77@jefferson-harris.com,+1-940-449-3321x864,24-08-2023,598.52,Canceled,Malta
369,Sean Padilla,franklinstephanie@hernandez.org,735-109-5309x2421,15-03-2024,756.36,Complete,Croatia
370,Christopher Davis,laurielong@yahoo.com,178.107.4398,17-12-2024,80.49,Refunded,Afghanistan
371,Jacqueline Miller,hhess@gmail.com,001-993-162-1065x18847,1/1/2025,976.09,Refunded,Suriname
372,Emma Sims,pauljones@gmail.com,(500)094-5378,22-12-2024,850.47,Complete,Barbados
373,Maurice Bentley,charlesmullen@gmail.com,901-898-7373x8373,9/10/2024,599.79,Complete,Falkland Islands (Malvinas)
374,Ryan Kennedy,garciadaniel@elliott.com,083.283.0527x5366,5/10/2024,-58.73,Canceled,Cambodia
375,Dawn Alvarez,cunninghammary#hotmail.com,(233)503 4946x545,29-04-2023,167.64,Complete,Morocco
376,Marie Hall,edwardscatherine@price-wheeler.com,6699691320,2/1/2025,661.66,Complete,Congo
377,Daniel Gentry,edwardscorey@tran-davis.com,(310)953-6210x82647,31-05-2024,5.65,Canceled,Malaysia
378,David Campbell,stephaniemurphy@gmail.com,369-483-0877x42102,14-06-2024,904.76,Pending,Gibraltar
379,Tammy Lucas,kentbuchanan@gmail.com,-3650,5/12/2024,496.36,Canceled,Albania
380,Mary Mathews,imanning@hotmail.com,7884086623,19-10-2023,928.15,Pending,Montserrat
381,Heidi Jackson,lewischristian@alexander.com,(909)054-7894x79774,27-05-2024,-27.57,Complete,Anguilla
382,Theresa Campos,eelliott@mckee.com,001-633-003-8176,17-06-2023,902.88,Refunded,
383,Elizabeth Shaw,cordovabenjamin@hotmail.com,(496)897-3022x028,2/10/2024,896.4,Pending,Saint Pierre and Miquelon
384,Marc Thompson,ginacortez@callahan.biz,027-928-9442,14-07-2023,829.09,Pending,Lesotho
385,Thomas Perez,victoriamcgee@kennedy.biz,-7705,19-08-2023,433.93,Complete,Singapore
386,Emily Coleman,powelldavid@gibbs.net,+1-972-684-0269x886,10/7/2023,193.96,Canceled,Finland
387,Samuel Butler,qparsons@yahoo.com,(312)261-8173,16-07-2023,705.31,Pending,Suriname
388,Kristen Moody,pamela92@yahoo.com,410-801-9107x89607,1/2/2025,576.03,Complete,Guadeloupe
389,Deborah Knight,jacob51@yahoo.com,8223624463,10/7/2023,8.5,Pending,Iran
390,Scott Duran,brookslauren@payne-coleman.org,(372)855-4004x2382,10/7/2024,,Canceled,Japan
391,Jessica Chambers,davissarah@hotmail.com,+1-732-454-6430x8865,19-06-2023,967.55,Refunded,Palau
392,Debbie Frank,vincentfrank@ryan-gonzalez.info,6077133848,6/7/2023,82.08,Pending,France
393,Kenneth Kramer,meagangonzalez@yahoo.com,001-572-689-9256x2108,17-05-2023,987.62,Pending,
394,Bobby Stewart,thomas86@yahoo.com,+1-674-099-9920x456,2/6/2024,609.93,Canceled,Antarctica (the territory South of 60 deg S)
395,Virginia Brown,smithsandra@yahoo.com,001-369-416-2956x36554,14-11-2023,430.16,Canceled,Malta
396,Dawn Chandler,nelliott@yahoo.com,001-629-489-3387x8974,7/3/2025,852.61,Pending,Argentina
397,Jonathan Castillo,lanebrett@hotmail.com,(008)239-2159x16280,29-01-2025,285.51,Canceled,Niue
398,Sheri Erickson,cathy58@gmail.com,001-563-530-8220,19-10-2024,39.16,Canceled,Tonga
399,Tammie Mccormick,carlramirez@hotmail.com,598.826.3838,23-03-2024,921.1,Refunded,Afghanistan
400,Joshua Harris,anitatorres@johnson.com,001-350-090-8531x445,25-03-2023,366.36,Complete,Saint Barthelemy
401,Susan Zimmerman,wgonzalez@sullivan.biz,991.821.6772x76321,14-11-2023,526.68,Refunded,Saint Vincent and the Grenadines
402,Megan Wright,omitchell@gmail.com,001-424-550-4805,8/10/2024,210.03,Refunded,Kyrgyz Republic
403,Nicholas Clark,sgraham@hotmail.com,304-723-3146,31-08-2023,905.28,Pending,Finland
404,Kimberly Hill,greenryan@mclaughlin.com,(426)020-9605,1/12/2024,985.15,Pending,Cote d'Ivoire
405,Charles Smith,rossheather@hotmail.com,001-860-327-2451,27-08-2023,674.59,Complete,New Zealand
406,Kristin Manning,agibson@owens.com,0505763976,21-05-2024,48.74,Pending,Saint Helena
407,Michael Wilson,qwilliams@yahoo.com,131.858.5899x6215,30-03-2024,508.62,Pending,Solomon Islands
408,Michael Walker,lindsay68@schultz.com,(136)625-8700,11/9/2023,821.43,Canceled,Hong Kong
409,Matthew Serrano,jacquelinebrewer@hotmail.com,001-655-108-1595x472,18-07-2024,500.21,Complete,Cocos (Keeling) Islands
410,Brett Davis,ypotts@gmail.com,585-302-8994x7630,27-03-2023,11.79,Complete,Croatia
411,Jeremy Butler,vstrickland@wilson.com,+1-424-691-4257x00134,3/3/2024,469.21,Pending,Monaco
412,Robert Curtis,kcastillo@nunez.biz,774.423.1172,5/9/2024,632.27,Refunded,Montenegro
413,James Lee,macdonaldmichael@yahoo.com,+1-840-678-9606x4179,11/12/2024,824.58,Complete,Trinidad and Tobago
414,Anthony Castaneda,julieclark@cox-cummings.net,+1-294-300-8123x45001,30-07-2024,833.9,Complete,Reunion
415,Edward Gray PhD,itucker@townsend.com,+1-888-675-7998x1534,29-04-2023,257.94,Complete,Bahrain
416,Christina Anderson,matthewwilliams@park.com,416.530.1833x9069,6/12/2023,562.3,Canceled,France
417,Jessica Smith,dale72#gmail.com,001-949-149-2632,24-04-2023,168.59,Refunded,San Marino
418,Vincent Anderson,alexanderdiaz@smith-blackwell.com,6457819446,27-05-2024,159.44,Complete,Guyana
419,Brian Goodman,marystrickland@michael.com,+1-880-002-6540x7192,,38.05,Pending,Croatia
420,Deborah Allen,charleshampton@bowen.info,484-753-6021x520,24-11-2023,46.82,Pending,Iraq
421,Sarah Mathews,rwhite@gmail.com,+1-018-314-4229x793,,796.82,Refunded,Cook Islands
422,Eric Wallace,sara66@king-harrell.biz,+1-487-086-1220x574,6/2/2025,98.76,Pending,Norfolk Island
423,Jennifer Mcclain,elizabeth65@pugh-edwards.com,1410088342,26-01-2025,156.82,Pending,Egypt
424,Alex Andersen,russelljustin@valencia.com,001 256 082 5458x283,27-04-2024,61.94,Canceled,Liberia
425,Sarah Estrada,jenningsnicole@luna.com,(676)344-7998,15-03-2025,126.78,Refunded,Bermuda
426,Gregory Mcintyre,harringtonshannon@lamb-fisher.com,804-153-1692x1956,21-11-2024,701.94,Refunded,Singapore
427,Thomas Smith,rachel18@watson.com,(423)375-9154x79258,14-06-2024,382.63,Complete,British Indian Ocean Territory (Chagos Archipelago)
428,Danielle Smith,aaronjones@gmail.com,8156035732,31-07-2024,145.72,Refunded,Sierra Leone
429,Donald Williams,crystalmartin@scott-stevenson.com,+1-183-298-4516x3674,29-09-2024,788.03,Refunded,Malta
430,Thomas May,allison91@yahoo.com,(316)298-0112x4829,18-07-2024,540.41,Complete,Malta
431,Ashley Rojas,allendustin@aguilar.com,001-099-075-5506x115,21-01-2025,138.71,Refunded,Malawi
432,Carlos Jackson,lpeterson@garza.com,(109)393-0370,12/3/2025,941.54,Pending,Cambodia
433,Lisa Vazquez,nortonrose@gmail.com,3496660246,2/8/2023,162.4,Refunded,Malta
434,Elijah Larson,holmesjohn@matthews.com,448.495.2091x4122,28-11-2024,570.39,Refunded,Jersey
435,Denise Rodriguez,noah87@kerr-wilson.com,+1-871-612-1295x260,14-08-2024,944.51,Canceled,Fiji
436,Marcus Taylor,irobertson@hunter.net,892-374-8090x04873,16-04-2023,-99.09,Canceled,Brunei Darussalam
437,Curtis Jones,morrisjacqueline@gmail.com,+1-543-488-8077x57480,24-02-2024,44.27,Complete,Tokelau
438,Raymond Powell,burgessmegan@miller.com,-4306,15-06-2023,-82.23,Refunded,Tonga
439,Joseph Holmes,jimenezjohnny@yahoo.com,(160)584-5473,1/10/2023,268.71,Pending,Saint Helena
440,Karen Blake,kimberly72@taylor-sharp.com,581-697-0759,12/2/2024,880.34,Pending,
441,,brenda76@allen.biz,001-018-703-6906x406,20-11-2024,323.29,Refunded,Germany
442,Thomas Ford,carrgary@carson.biz,(889)136-1188x244,15-03-2025,999.31,Complete,French Southern Territories
443,Erica Ray,edwardlee@hotmail.com,(808)585-7859,27-07-2024,933.55,Pending,Saint Helena
444,Daniel Morgan,marcjackson@martin.info,005-347-1788,9/8/2023,807.56,Refunded,United Kingdom
445,Robert Johnson,jacksonjeremy@gmail.com,+1-542-700-2445x5533,25-05-2023,917.01,Refunded,Costa Rica
446,James Hernandez,davidhawkins@riley.com,088-534-3732x69462,8/11/2023,622.96,Pending,New Caledonia
447,James Jones,bradleybryan@gmail.com,+1-722-518-2227x760,30-08-2023,874.71,Pending,Falkland Islands (Malvinas)
448,Sandra Clark,hatfieldallison@noble-williams.org,(319)540-8517x93033,17-11-2023,820.92,Pending,Cambodia
449,James Chavez,evazquez@barnett.net,3872576936,9/1/2025,648.7,Complete,Eritrea
450,Andrew Ramsey,ccrawford@gmail.com,001-305-145-2103x728,6/9/2023,166.93,Complete,Faroe Islands
451,Brenda Montgomery,oneillkathryn@hotmail.com,0337134311,18-09-2024,294.44,Pending,Slovakia (Slovak Republic)
452,,ysmith@horn.com,970-853-9218x96979,3/7/2023,462.53,Complete,Cocos (Keeling) Islands
453,Amber George DDS,martin05@yahoo.com,603.234.2389x07334,23-07-2023,78.65,Complete,Comoros
454,Tina Hughes,wsosa@wiggins.net,034.326.3548x2013,11/12/2023,612.79,Canceled,Latvia
455,Steve Bradley,mboone@yahoo.com,(268)179-8569,8/6/2024,303.4,Pending,Serbia
456,Katrina Martin,michael01@terrell-white.biz,(317)810-2946x53840,16-11-2024,208.03,Pending,
457,Brian Moore,zachary41@nelson.info,033-989-2390x74069,24-04-2023,997.2,Complete,Marshall Islands
458,Walter Garcia,nathaniel78#henderson-miller.com,7207853228,20-12-2024,680.78,Canceled,Swaziland
459,Beverly Jacobson,grahamnancy@gmail.com,603-774-4640,29-12-2024,287.82,Complete,Italy
460,Brett Ortega,tiffany16@perez-arnold.com,388.532.8896x288,24-04-2023,704.51,Complete,Finland
461,Joseph Charles,michelle44@thomas.com,(631)829-3352x41181,21-06-2023,351.6,Pending,Afghanistan
462,Tyler Cruz,brianmcdonald@jennings.com,(175)565-6830x3495,7/2/2025,797.5,Pending,Hungary
463,Charles Lara,radkins@arnold-brown.org,001-706-729-9863x28406,30-07-2024,619.06,Canceled,Greenland
464,Bob Krause,brownlaura@austin.com,(588)149-9414,14-01-2024,153.53,Complete,Solomon Islands
465,Elizabeth Francis,carlakane@gmail.com,933-918-1795x8661,,597.32,Pending,Liechtenstein
466,Donna Sanchez,chowell@hotmail.com,922.867.8752x154,31-03-2023,47.11,Pending,Israel
467,John Harrison,jlong@hernandez.com,948-862-3015x869,12/2/2024,123.63,Pending,Cameroon
468,Valerie Walter,andrewstewart@gutierrez.com,081.827.4834x98399,25-12-2023,-16.74,Refunded,Guinea
469,Peter Mckee,jill16@hotmail.com,-5572,20-09-2023,704.1,Refunded,Turkey
470,David Baldwin,ytorres@yahoo.com,6873266311,13-07-2024,438.08,Refunded,Turkmenistan
471,Dr. John Martinez,kaylaperry@vasquez-goodman.com,936.959.4477x58797,,503.94,Pending,Finland
472,Laura Santiago,stephenclark@yahoo.com,953-729-9749x9195,23-09-2023,336.42,Complete,France
473,Jennifer Wall,traviskyle@phillips.org,231-465-7660x565,1/5/2024,351.89,Canceled,Panama
474,Luis Brown,sheilahawkins@hotmail.com,001-424-225-5909x702,31-08-2024,917.75,Pending,Guinea-Bissau
475,William Reyes,andrewmorales@nelson.net,814-995-0029,29-09-2024,-57.87,Pending,Kyrgyz Republic
476,Bruce Mata,vincenthanna@yahoo.com,496-561-8148x36024,29-06-2023,220.79,Complete,Turkmenistan
477,James Hansen,jessicadavis@yahoo.com,717.473.6740,26-03-2024,330.23,Pending,Pakistan
478,Mr. Michael Flores,emily54@smith.com,001-305-861-3498x83146,2/8/2024,773.14,Canceled,Ethiopia
479,David Blackburn,nicholas79@hotmail.com,212.276.1950,24-05-2024,337.31,Pending,Chile
480,Hannah Lawson,jkim#yahoo.com,+1-186-428-8473x0198,7/7/2024,,Pending,Brazil
481,Andrea Blanchard,hartrichard@wilson.com,999-901-8042x899,2/2/2024,62.4,Refunded,South Africa
482,James Robinson,rodriguezchristopher@may-johnson.com,(603)679-0348,3/1/2025,752.28,Canceled,Greenland
483,Richard Thomas,bwallace@hotmail.com,(397)460-1508x684,17-03-2024,,Canceled,Bolivia
484,Ashley Floyd,abrown@gmail.com,711.951.0229,28-01-2024,983.31,Refunded,Aruba
485,,brianyoung@duffy-dodson.info,5264912260,,845.47,Pending,Haiti
486,James Sims,jennifer57@shaffer-everett.org,001-365-994-2209,28-08-2024,430.71,Complete,Bosnia and Herzegovina
487,Angela Myers,qwinters@briggs-hunter.org,564.529.0332x64404,22-12-2023,529.89,Complete,Slovakia (Slovak Republic)
488,John Boone,patrickayala@myers.com,8503072794,,14.92,Canceled,Malaysia
489,Brandon Rivas,barneshannah@gmail.com,(889)491-8706,25-10-2024,917.27,Complete,Madagascar
490,Ashley Miller,pattersonjoshua@hotmail.com,+1-779-658-5871x84566,18-10-2023,-52.44,Canceled,Samoa
491,Michelle Lozano,robinsonbrad@dixon-stevens.com,+1-193-950-5613x0204,17-08-2024,93.04,Complete,Jordan
492,Sarah Blake,taylortheresa@webb.com,017 467 5135,14-07-2024,900.48,Refunded,Bangladesh
493,Steven Perry,adamsstephen@hotmail.com,396 135 7926x4046,6/9/2024,224.95,Refunded,Eritrea
494,Derrick Murillo,kmatthews@gomez-shields.com,465-217-2098x6374,18-08-2024,146.88,Pending,Marshall Islands
495,Brett Flores,samantha66@figueroa.org,(088)297-6735x38915,14-06-2023,,Canceled,Congo
496,Alexander Malone,jhuang@moore.com,001-567-472-9583x84733,23-12-2024,553.58,Refunded,Slovakia (Slovak Republic)
497,Anthony Nguyen,perrymatthew@gmail.com,001-597-240-3642,15-07-2024,-7.69,Refunded,Finland
498,Sandra Black,taylorprice@sanchez.com,001-796-865-1242x8054,29-01-2025,764.91,Canceled,Bahrain
499,Nicholas Woods,fdavis@hotmail.com,+1-064-181-6811x9458,19-08-2023,775.44,Canceled,Western Sahara
500,Jennifer Mckenzie,ijohnson@rhodes.biz,624.513.0548x99720,22-03-2024,457.67,Pending,Turkmenistan
